eventtyp,iscertified,paymentscheme,hoursdriven,milesdriven,latitude,longitude,isfoggy,israiny,iswindy
Normal,N,miles,70,3300,-95.01,36.73,0,1,1
Lane Departure,N,miles,70,3300,-91.99,37.94,0,0,0
Lane Departure,N,miles,70,3300,-92.08,37.81,0,1,1
Lane Departure,N,miles,70,3300,-95.5,36.37,1,1,1
Lane Departure,N,miles,70,3300,-94.23,37.09,1,1,1
Lane Departure,N,miles,70,3300,-95.5,36.37,0,1,0
Normal,N,miles,70,3300,-92.74,37.6,0,0,0
Normal,N,miles,70,3300,-92.48,37.8,0,0,0
Normal,N,miles,70,3300,-92.31,37.81,0,0,1
Normal,N,miles,70,3300,-91.99,37.94,0,0,1
Normal,N,miles,70,3300,-91.55,38.04,0,0,0
Normal,N,miles,70,3300,-91.07,38.31,0,0,1
Normal,N,miles,70,3300,-90.18,38.64,1,0,0
Normal,N,miles,70,3300,-90.53,38.51,1,1,0
Normal,N,miles,70,3300,-92.08,37.81,0,0,0
Normal,N,miles,70,3300,-92.74,37.6,0,0,0
Normal,N,miles,70,3300,-92.89,37.51,0,0,0
Normal,N,miles,70,3300,-92.31,37.81,0,0,0
Normal,N,miles,70,3300,-93.14,37.26,0,0,0
Normal,N,miles,70,3300,-93.34,37.21,0,0,1
Lane Departure,N,miles,70,3300,-91.18,38.22,1,1,0
Lane Departure,N,miles,70,3300,-95.5,36.37,1,1,1
Normal,N,miles,70,3300,-92.61,37.7,0,0,0
Normal,N,miles,70,3300,-94.83,36.84,1,0,0
Normal,N,miles,70,3300,-90.34,38.58,0,1,0
Normal,N,miles,70,3300,-90.53,38.51,0,0,1
Normal,N,miles,70,3300,-90.34,38.58,0,0,0
Normal,N,miles,70,3300,-90.86,38.46,1,0,0
Normal,N,miles,70,3300,-91.18,38.22,0,0,1
Normal,N,miles,70,3300,-91.3,38.14,0,0,0
Normal,N,miles,70,3300,-91.55,38.04,0,0,0
Normal,N,miles,70,3300,-92.31,37.81,0,0,1
Normal,N,miles,70,3300,-92.61,37.7,0,0,0
Normal,N,miles,70,3300,-92.74,37.6,0,0,1
Normal,N,miles,70,3300,-92.48,37.8,0,1,0
Normal,N,miles,70,3300,-92.31,37.81,0,0,0
Normal,N,miles,70,3300,-91.99,37.94,0,0,0
Normal,N,miles,70,3300,-91.44,38.09,0,0,0
Normal,N,miles,70,3300,-90.69,38.5,0,1,0
Normal,N,miles,70,3300,-90.53,38.51,1,0,0
Normal,N,miles,70,3300,-90.18,38.64,0,0,0
Normal,N,miles,70,3300,-90.34,38.58,0,0,0
Normal,N,miles,70,3300,-90.69,38.5,1,0,0
Normal,N,miles,70,3300,-90.86,38.46,0,0,0
Normal,N,miles,70,3300,-91.07,38.31,0,0,0
Normal,N,miles,70,3300,-91.18,38.22,0,0,0
Normal,N,miles,70,3300,-94.54,37.02,0,0,0
Overspeed,N,miles,70,3400,-92.99,37.34,1,0,0
Normal,N,miles,70,3400,-95.35,36.47,0,1,0
Normal,N,miles,70,3400,-95.69,36.25,0,0,0
Normal,N,miles,70,3400,-95.99,36.17,1,0,0
Normal,N,miles,70,3400,-90.53,38.51,0,0,0
Normal,N,miles,70,3400,-95.01,36.73,0,0,0
Normal,N,miles,70,3400,-91.44,38.09,1,0,0
Normal,N,miles,70,3400,-92.74,37.6,0,0,1
Normal,N,miles,70,3400,-92.89,37.51,0,1,0
Normal,N,miles,70,3400,-93.96,37.08,0,0,0
Normal,N,miles,70,3400,-95.14,36.66,0,0,0
Normal,N,miles,70,3400,-95.69,36.25,0,0,0
Normal,N,miles,70,3400,-95.99,36.17,0,0,0
Normal,N,miles,70,3400,-95.76,36.18,0,0,0
Normal,N,miles,70,3400,-95.35,36.47,0,0,0
Normal,N,miles,70,3400,-95.14,36.66,0,0,0
Normal,N,miles,70,3400,-94.23,37.09,0,0,1
Normal,N,miles,70,3400,-95.01,36.73,0,1,0
Unsafe following distance,N,miles,70,3300,-91.18,38.22,1,1,1
Unsafe following distance,N,miles,70,3300,-94.23,37.09,1,0,1
Unsafe following distance,N,miles,0,0,-89.03,41.92,1,1,1
Normal,N,miles,0,0,-91.47,41.74,0,0,0
Normal,N,miles,0,0,-91.78,42.23,0,0,0
Normal,N,miles,0,0,-91.63,41.72,0,0,1
Normal,N,miles,0,0,-91.32,41.71,0,0,0
Normal,N,miles,0,0,-89.52,40.7,0,0,1
Normal,N,miles,0,0,-89.63,39.84,0,1,0
Normal,N,miles,0,0,-89.17,40.38,0,0,0
Normal,N,miles,0,0,-88.42,41.11,0,0,0
Normal,N,miles,0,0,-88.07,41.48,0,0,1
Normal,N,miles,0,0,-89.17,40.38,0,0,0
Normal,N,miles,0,0,-89.63,39.84,0,0,1
Normal,N,miles,0,0,-88.07,41.48,0,0,1
Normal,N,miles,0,0,-91.94,41.71,0,0,0
Normal,N,miles,0,0,-91.59,41.7,0,0,0
Normal,N,miles,0,0,-89.29,41.85,0,0,1
Normal,N,miles,0,0,-88.96,42.25,0,0,0
Normal,N,miles,0,0,-88.41,42.11,0,0,0
Normal,N,miles,0,0,-88.02,42.04,0,0,1
Normal,N,miles,0,0,-87.66,41.89,0,0,1
Normal,N,miles,0,0,-87.66,41.89,0,0,0
Normal,N,miles,0,0,-88.02,42.04,1,0,0
Normal,N,miles,0,0,-88.41,42.11,0,0,0
Normal,N,miles,0,0,-88.41,42.11,0,1,1
Normal,N,miles,0,0,-90.64,41.56,0,0,0
Normal,N,miles,0,0,-90.82,41.66,0,0,0
Normal,N,miles,0,0,-91.78,42.23,1,1,0
Normal,N,miles,0,0,-91.32,41.71,0,0,0
Normal,N,miles,0,0,-91.05,41.72,0,1,0
Normal,N,miles,0,0,-89.52,40.7,0,0,0
Normal,N,miles,0,0,-89.52,40.7,0,0,0
Overspeed,N,miles,0,0,-88.07,41.48,1,1,1
Overspeed,N,miles,0,0,-90.35,38.43,0,1,1
Unsafe following distance,N,miles,0,0,-88.96,42.25,1,1,0
Lane Departure,N,miles,0,0,-91.63,41.72,0,0,0
Overspeed,N,miles,0,0,-89.63,39.84,0,0,1
Lane Departure,N,miles,0,0,-90.37,35.21,1,0,0
Unsafe following distance,N,miles,0,0,-89.17,40.38,1,1,0
Unsafe tail distance,N,miles,0,0,-91.63,41.72,0,0,0
Overspeed,N,miles,0,0,-89.91,40.86,1,1,1
Lane Departure,N,miles,0,0,-88.07,41.48,1,1,0
Lane Departure,N,miles,0,0,-88.07,41.48,1,1,1
Unsafe tail distance,N,miles,0,0,-89.63,39.84,1,0,0
Overspeed,N,miles,0,0,-87.67,41.87,1,1,1
Unsafe tail distance,N,miles,0,0,-89.03,41.92,1,0,1
Unsafe tail distance,N,miles,0,0,-89.03,41.92,1,0,1
Overspeed,N,miles,0,0,-91.94,41.71,1,0,0
Overspeed,N,miles,0,0,-91.94,41.71,1,0,1
Lane Departure,N,miles,0,0,-92.4,41.78,1,1,0
Overspeed,N,miles,0,0,-89.63,39.84,1,1,1
Unsafe tail distance,N,miles,0,0,-89.91,40.86,1,1,0
Unsafe tail distance,N,miles,0,0,-89.71,37.47,1,1,0
Overspeed,N,miles,0,0,-89.63,39.84,0,1,0
Unsafe tail distance,N,miles,0,0,-89.74,39.1,1,0,0
Unsafe tail distance,N,miles,0,0,-89.74,39.1,1,1,0
Unsafe following distance,N,miles,0,0,-91.63,41.72,0,0,0
Unsafe following distance,N,miles,0,0,-89.74,39.1,0,0,0
Unsafe following distance,N,miles,0,0,-88.42,41.11,1,1,0
Normal,N,miles,0,0,-94.38,38.99,0,0,1
Lane Departure,N,miles,0,0,-94.35,38.33,0,1,0
Unsafe following distance,N,miles,0,0,-92.31,34.78,0,1,1
Lane Departure,N,miles,0,0,-88.42,41.11,0,1,0
Lane Departure,N,miles,0,0,-90.2,38.65,0,1,0
Overspeed,N,miles,0,0,-94.38,38.67,1,0,0
Overspeed,N,miles,0,0,-91.63,41.72,0,1,1
Normal,N,miles,0,0,-94.59,39.1,0,0,0
Normal,N,miles,0,0,-94.58,37.03,0,0,0
Normal,N,miles,0,0,-94.46,37.16,1,1,1
Normal,N,miles,0,0,-94.35,38.33,0,0,0
Unsafe tail distance,N,miles,0,0,-88.77,40.76,0,0,1
Unsafe tail distance,N,miles,0,0,-87.67,41.87,1,1,0
Unsafe tail distance,N,miles,0,0,-89.74,39.1,0,1,1
Unsafe tail distance,N,miles,0,0,-88.77,40.76,1,0,0
Lane Departure,N,miles,0,0,-88.07,41.48,1,1,0
Unsafe following distance,N,miles,0,0,-89.17,40.38,1,1,0
Normal,N,miles,90,4300,-90.29,40.96,0,0,1
Normal,N,miles,90,4300,-89.91,40.86,0,0,0
Overspeed,N,miles,90,4300,-93.04,41.71,1,0,0
Unsafe tail distance,N,miles,90,4300,-87.67,41.87,1,1,1
Normal,N,miles,90,4300,-89.52,40.7,0,0,0
Normal,N,miles,90,4300,-91.05,41.72,0,0,1
Normal,N,miles,90,4300,-91.47,41.74,0,0,0
Lane Departure,N,miles,90,4300,-91.59,41.7,1,0,0
Unsafe following distance,N,miles,90,4300,-88.77,40.76,0,1,1
Lane Departure,N,miles,90,4300,-88.42,41.11,1,1,1
Unsafe tail distance,N,miles,90,4300,-92.31,34.78,1,0,0
Overspeed,N,miles,90,4300,-90.04,35.19,1,0,1
Unsafe following distance,N,miles,90,4300,-92.31,34.78,0,0,0
Overspeed,N,miles,90,4300,-89.56,37.2,0,0,1
Lane Departure,N,miles,90,4300,-89.8,35.94,1,0,1
Overspeed,N,miles,90,4300,-87.67,41.87,1,1,0
Normal,N,miles,90,4300,-90.7,41.62,0,0,0
Normal,N,miles,90,4300,-91.05,41.72,0,1,0
Normal,N,miles,90,4300,-91.63,41.72,0,0,0
Normal,N,miles,90,4300,-91.32,41.71,0,0,0
Normal,N,miles,90,4300,-91.78,42.23,0,0,0
Normal,N,miles,90,4300,-91.63,41.72,0,0,0
Normal,N,miles,90,4300,-90.7,41.62,0,1,1
Normal,N,miles,90,4300,-90.44,41.54,0,0,0
Normal,N,miles,90,4300,-89.91,40.86,0,0,0
Normal,N,miles,90,4300,-89.52,40.7,0,0,0
Normal,N,miles,90,4300,-89.91,40.86,0,0,1
Normal,N,miles,90,4300,-90.44,41.54,1,0,0
Normal,N,miles,90,4300,-91.63,41.72,0,0,0
Lane Departure,N,miles,90,4300,-89.8,35.94,1,1,0
Normal,N,miles,90,4300,-91.47,41.74,0,0,0
Normal,N,miles,90,4300,-91.32,41.71,1,1,0
Normal,Y,hours,45,2569,-90.24,35.35,0,0,0
Overspeed,Y,hours,45,2569,-94.38,38.99,1,1,1
Normal,Y,hours,45,2569,-90.15,38.62,0,0,0
Normal,Y,hours,45,2569,-89.56,37.2,0,0,0
Normal,Y,hours,45,2569,-89.71,37.47,0,0,0
Normal,Y,hours,45,2569,-90.24,38,0,0,0
Normal,Y,hours,45,2569,-90.15,38.62,1,0,0
Normal,Y,hours,45,2569,-90.15,38.62,1,0,0
Normal,Y,hours,45,2569,-89.8,35.94,0,0,0
Normal,Y,hours,45,2569,-89.71,37.47,1,0,1
Normal,Y,hours,45,2569,-89.56,37.2,0,1,0
Normal,Y,hours,45,2569,-89.8,35.94,0,0,0
Normal,Y,hours,45,2569,-90.07,35.68,1,0,0
Normal,Y,hours,45,2569,-90.24,35.35,0,0,0
Normal,Y,hours,45,2569,-90.07,35.1,0,0,0
Normal,Y,hours,45,2569,-90.24,35.35,0,0,1
Normal,Y,hours,45,2569,-89.8,35.94,0,0,0
Normal,Y,hours,45,2569,-89.65,36.37,0,0,0
Normal,Y,hours,45,2569,-89.54,36.84,1,0,1
Normal,Y,hours,45,2569,-89.56,37.2,0,0,1
Normal,Y,hours,45,2569,-89.71,37.47,0,0,0
Normal,Y,hours,45,2569,-90,37.72,0,1,0
Normal,Y,hours,45,2569,-90.24,38,0,0,1
Normal,Y,hours,45,2569,-90.15,38.62,0,0,0
Normal,Y,hours,45,2569,-90.24,38,0,0,0
Normal,Y,hours,45,2569,-89.56,37.2,0,0,0
Normal,Y,hours,45,2569,-90.24,38,0,0,1
Normal,Y,hours,45,2569,-90.35,38.43,0,0,0
Normal,Y,hours,45,2569,-93.36,41.69,0,0,0
Normal,Y,hours,45,2569,-91.59,41.7,0,0,0
Normal,Y,hours,45,2569,-90.64,41.56,0,0,0
Normal,Y,hours,45,2569,-89.6,41.76,0,0,1
Normal,Y,hours,45,2569,-89.29,41.85,0,0,0
Normal,Y,hours,45,2569,-91.63,41.72,0,0,0
Normal,Y,hours,45,2569,-89.52,40.7,0,0,0
Normal,Y,hours,45,2569,-91.32,41.71,0,1,0
Normal,Y,hours,51,2736,-90.35,38.43,1,1,0
Normal,Y,hours,51,2736,-89.65,36.37,0,0,0
Normal,Y,hours,51,2736,-89.8,35.94,0,1,0
Normal,Y,hours,51,2736,-90.07,35.1,0,0,0
Normal,Y,hours,51,2736,-90.35,38.43,0,0,0
Normal,Y,hours,51,2736,-89.56,37.2,0,0,1
Normal,Y,hours,51,2736,-89.54,36.84,0,0,0
Lane Departure,Y,hours,51,2736,-90.04,35.19,1,1,0
Normal,Y,hours,51,2736,-90.07,35.68,0,0,0
Normal,Y,hours,51,2736,-90.07,35.1,0,0,0
Normal,Y,hours,51,2736,-90.07,35.68,0,0,1
Normal,Y,hours,51,2736,-89.65,36.37,0,0,0
Normal,Y,hours,51,2736,-89.54,36.84,0,0,0
Normal,Y,hours,51,2736,-89.56,37.2,0,0,0
Normal,Y,hours,51,2736,-89.71,37.47,0,0,0
Normal,Y,hours,51,2736,-91.93,34.81,0,0,1
Normal,Y,hours,51,2736,-92.09,34.8,0,0,0
Normal,Y,hours,51,2736,-89.8,35.94,0,0,1
Normal,Y,hours,51,2736,-90.07,35.1,0,0,0
Normal,Y,hours,51,2736,-89.54,36.84,1,0,0
Normal,Y,hours,56,2559,-93.58,41.62,0,0,0
Normal,Y,hours,56,2559,-92.19,41.74,0,0,1
Overspeed,Y,hours,56,2559,-90.64,41.56,1,0,0
Lane Departure,Y,hours,56,2559,-89.03,41.92,1,0,0
Normal,Y,hours,56,2559,-92.4,41.78,0,1,1
Normal,Y,hours,56,2559,-93.36,41.69,0,0,0
Normal,Y,hours,56,2559,-93.58,41.62,0,0,0
Normal,Y,hours,56,2559,-93.04,41.71,0,0,0
Normal,Y,hours,56,2559,-92.19,41.74,1,0,0
Normal,Y,hours,56,2559,-91.24,41.67,0,1,1
Normal,Y,hours,56,2559,-90.82,41.66,0,0,0
Normal,Y,hours,56,2559,-90.2,41.59,0,0,1
Normal,Y,hours,56,2559,-88.64,42.21,0,0,0
Normal,Y,hours,56,2559,-93.04,41.71,1,0,0
Normal,Y,hours,56,2559,-92.4,41.78,0,0,1
Normal,Y,hours,56,2559,-91.94,41.71,1,0,1
Normal,Y,hours,56,2559,-91.24,41.67,0,0,1
Normal,Y,hours,56,2559,-90.64,41.56,0,0,0
Normal,Y,hours,56,2559,-89.88,41.77,0,0,1
Normal,Y,hours,56,2559,-88.02,42.04,1,0,0
Normal,Y,hours,56,2559,-88.02,42.04,0,0,1
Normal,Y,hours,56,2559,-93.58,41.62,0,0,1
Normal,Y,hours,56,2559,-92.74,41.75,0,0,0
Normal,Y,hours,56,2559,-91.94,41.71,0,0,0
Normal,Y,hours,56,2559,-91.59,41.7,0,0,1
Normal,Y,hours,56,2559,-90.82,41.66,0,0,0
Normal,Y,hours,56,2559,-89.88,41.77,0,0,0
Normal,Y,hours,56,2559,-88.64,42.21,0,0,1
Normal,Y,hours,56,2559,-88.41,42.11,0,1,1
Normal,Y,hours,56,2559,-88.41,42.11,0,0,0
Normal,Y,hours,56,2559,-89.6,41.76,0,0,0
Normal,Y,hours,56,2559,-90.2,41.59,0,0,0
Normal,Y,hours,56,2559,-91.59,41.7,0,0,0
Normal,Y,hours,56,2559,-90.82,41.66,0,0,0
Normal,Y,hours,56,2559,-91.94,41.71,0,1,1
Normal,Y,hours,56,2559,-93.04,41.71,0,0,0
Normal,Y,hours,59,2604,-89.03,41.92,0,0,0
Normal,Y,hours,59,2604,-92.74,41.75,0,1,1
Normal,Y,hours,59,2604,-91.24,41.67,0,0,0
Normal,Y,hours,59,2604,-90.82,41.66,0,0,0
Normal,Y,hours,59,2604,-90.64,41.56,0,0,0
Normal,Y,hours,59,2604,-89.6,41.76,0,0,1
Overspeed,Y,hours,47,2613,-89.03,41.92,1,1,0
Normal,Y,hours,47,2613,-91.14,34.96,0,0,0
Normal,Y,hours,47,2613,-90.68,35.12,0,1,0
Normal,Y,hours,47,2613,-91.38,34.83,0,0,0
Normal,Y,hours,47,2613,-91.74,34.89,0,0,0
Normal,Y,hours,47,2613,-92.31,34.78,0,0,1
Normal,Y,hours,47,2613,-91.93,34.81,0,0,0
Normal,Y,hours,47,2613,-90.2,41.59,0,0,0
Normal,Y,hours,47,2613,-89.88,41.77,0,0,1
Normal,Y,hours,47,2613,-89.6,41.76,0,0,0
Normal,Y,hours,47,2613,-88.96,42.25,0,1,0
Normal,Y,hours,47,2613,-89.88,41.77,1,0,0
Normal,Y,hours,47,2613,-91.24,41.67,0,0,0
Unsafe tail distance,Y,hours,47,2613,-89.03,41.92,1,0,0
Unsafe tail distance,Y,hours,47,2613,-89.03,41.92,1,0,1
Normal,Y,hours,54,2611,-89.8,35.94,0,0,0
Normal,Y,hours,54,2611,-94.3,37.66,1,0,0
Normal,Y,hours,54,2611,-94.46,37.16,0,0,0
Normal,Y,hours,54,2611,-94.59,39.1,0,0,1
Normal,Y,hours,54,2611,-94.38,38.67,0,0,0
Normal,Y,hours,54,2611,-93.04,41.71,0,0,0
Normal,Y,hours,54,2611,-94.38,38.99,0,0,0
Normal,Y,hours,54,2611,-94.37,38,0,0,1
Normal,Y,hours,54,2611,-94.3,37.66,0,1,0
Normal,Y,hours,54,2611,-94.46,37.16,0,0,1
Normal,Y,hours,54,2611,-94.46,37.16,1,0,0
Normal,Y,hours,54,2611,-94.58,37.03,0,0,0
Normal,Y,hours,54,2611,-94.37,38,0,0,0
Normal,Y,hours,54,2611,-94.35,38.33,0,1,1
Normal,Y,hours,54,2611,-94.38,38.99,1,0,1
Normal,Y,hours,54,2611,-94.59,39.1,0,0,0
Normal,Y,hours,54,2611,-94.59,39.1,0,0,1
Normal,Y,hours,54,2611,-94.35,38.33,0,0,1
Normal,Y,hours,54,2611,-94.37,38,0,0,0
Normal,Y,hours,54,2611,-94.31,37.31,0,0,0
Normal,Y,hours,54,2611,-94.59,39.1,0,0,0
Normal,Y,hours,54,2611,-94.38,38.99,0,0,0
Normal,Y,hours,54,2611,-94.58,37.03,0,0,0
Normal,Y,hours,54,2611,-94.31,37.31,0,0,0
Normal,Y,hours,54,2611,-94.35,38.33,0,0,0
Normal,Y,hours,54,2611,-90.15,38.62,0,0,0
Normal,Y,hours,54,2611,-90.35,38.43,0,1,0
Normal,Y,hours,54,2611,-89.56,37.2,0,0,0
Normal,Y,hours,54,2611,-89.54,36.84,0,0,0
Normal,Y,hours,54,2611,-89.65,36.37,0,0,0
Normal,Y,hours,54,2611,-90.07,35.68,0,0,0
Normal,Y,hours,54,2611,-89.71,37.47,0,0,1
Normal,Y,hours,54,2611,-93.36,41.69,0,0,1
Normal,Y,hours,54,2611,-92.19,41.74,1,0,1
Normal,Y,hours,54,2611,-91.59,41.7,1,0,0
Normal,Y,hours,54,2611,-90.82,41.66,0,0,0
Normal,Y,hours,54,2611,-90.64,41.56,0,0,1
Normal,Y,hours,54,2611,-90.2,41.59,0,0,0
Unsafe following distance,Y,hours,50,2598,-90.24,35.35,0,0,0
Normal,Y,hours,50,2598,-94.35,38.33,0,0,1
Unsafe tail distance,Y,hours,50,2598,-88.96,42.25,1,0,0
Normal,Y,hours,50,2598,-94.38,38.67,0,0,1
Normal,Y,hours,50,2598,-94.58,37.03,1,0,0
Normal,Y,hours,50,2598,-94.3,37.66,0,1,0
Normal,Y,hours,50,2598,-94.37,38,0,0,1
Normal,Y,hours,50,2598,-94.38,38.67,0,0,0
Normal,Y,hours,50,2598,-94.46,37.16,0,1,0
Normal,Y,hours,50,2598,-94.37,38,0,1,1
Normal,Y,hours,50,2598,-94.35,38.33,0,1,0
Normal,Y,hours,50,2598,-94.38,38.99,0,0,1
Normal,Y,hours,50,2598,-94.38,38.67,0,0,0
Normal,Y,hours,50,2598,-94.46,37.16,0,0,0
Normal,Y,hours,49,2676,-88.07,41.48,0,0,0
Normal,Y,hours,49,2676,-94.38,38.67,0,0,0
Normal,Y,hours,49,2676,-90.68,35.12,0,1,0
Normal,Y,hours,49,2676,-91.14,34.96,0,0,0
Normal,Y,hours,49,2676,-91.38,34.83,0,0,0
Normal,Y,hours,49,2676,-91.93,34.81,0,0,1
Normal,Y,hours,49,2676,-92.31,34.78,1,0,1
Normal,Y,hours,49,2676,-92.31,34.78,0,1,0
Normal,Y,hours,49,2676,-92.09,34.8,0,0,0
Normal,Y,hours,49,2676,-91.38,34.83,0,0,1
Normal,Y,hours,49,2676,-91.14,34.96,0,0,0
Normal,Y,hours,49,2676,-90.94,35.03,0,0,0
Normal,Y,hours,49,2676,-90.68,35.12,0,0,1
Normal,Y,hours,49,2676,-90.37,35.21,0,0,0
Normal,Y,hours,49,2676,-90.68,35.12,0,0,0
Normal,Y,hours,49,2676,-90.37,35.21,0,0,1
Normal,Y,hours,49,2676,-90.94,35.03,0,1,1
Normal,Y,hours,49,2676,-91.74,34.89,1,1,0
Normal,Y,hours,49,2676,-91.93,34.81,0,0,1
Normal,Y,hours,49,2676,-91.38,34.83,0,0,0
Normal,Y,hours,49,2676,-90.94,35.03,1,1,0
Normal,Y,hours,49,2676,-90.37,35.21,0,0,0
Normal,Y,hours,49,2676,-89.63,39.84,1,0,0
Normal,Y,hours,49,2676,-89.17,40.38,0,0,0
Normal,Y,hours,49,2676,-88.77,40.76,0,0,0
Normal,Y,hours,49,2676,-88.77,40.76,0,1,0
Normal,Y,hours,49,2676,-89.17,40.38,0,1,1
Normal,Y,hours,49,2676,-89.74,39.1,0,0,0
Normal,Y,hours,49,2676,-90.2,38.65,0,1,0
Normal,Y,hours,49,2676,-94.31,37.31,0,0,0
Normal,Y,hours,49,2676,-94.38,38.99,0,0,1
Normal,Y,hours,49,2676,-94.59,39.1,0,0,1
Normal,Y,hours,49,2676,-94.59,39.1,0,1,0
Normal,Y,hours,49,2676,-94.31,37.31,1,1,0
Normal,Y,hours,49,2676,-94.46,37.16,0,0,0
Normal,Y,hours,49,2676,-94.58,37.03,0,0,0
Normal,Y,hours,49,2676,-94.31,37.31,0,0,0
Normal,Y,hours,49,2676,-94.38,38.67,0,0,1
Normal,Y,hours,49,2676,-94.38,38.99,0,0,1
Normal,Y,hours,49,2676,-94.59,39.1,0,1,0
Normal,Y,hours,49,2676,-94.3,37.66,0,0,0
Normal,Y,hours,49,2676,-94.58,37.03,1,0,0
Normal,Y,hours,49,2676,-94.31,37.31,1,0,0
Normal,Y,hours,49,2676,-94.38,38.67,1,0,0
Normal,Y,hours,49,2676,-94.59,39.1,0,0,1
Normal,Y,hours,49,2676,-94.46,37.16,0,0,0
Normal,Y,hours,49,2676,-94.31,37.31,1,0,0
Lane Departure,Y,hours,49,2676,-89.52,40.7,1,1,1
Unsafe following distance,Y,hours,49,2676,-94.58,37.03,0,0,1
Unsafe following distance,Y,hours,49,2676,-94.58,37.03,1,1,0
Lane Departure,Y,hours,49,2676,-90.04,35.19,1,0,1
Unsafe following distance,Y,hours,49,2676,-89.17,40.38,1,0,0
Normal,Y,hours,50,2727,-88.77,40.76,0,0,0
Normal,Y,hours,50,2727,-89.74,39.1,0,0,0
Normal,Y,hours,50,2727,-89.17,40.38,0,0,0
Unsafe tail distance,Y,hours,50,2727,-90.04,35.19,0,1,0
Normal,Y,hours,50,2727,-87.67,41.87,0,0,1
Normal,Y,hours,50,2727,-88.42,41.11,0,0,1
Normal,Y,hours,50,2727,-87.67,41.87,0,1,0
Normal,Y,hours,50,2727,-87.67,41.87,1,0,1
Normal,Y,hours,45,2690,-90.94,35.03,0,0,1
Normal,Y,hours,45,2690,-90.37,35.21,0,0,0
Normal,Y,hours,45,2690,-88.07,41.48,0,0,0
Normal,Y,hours,45,2690,-89.71,37.47,0,0,1
Normal,Y,hours,45,2690,-89.8,35.94,0,0,0
Normal,Y,hours,45,2690,-90.07,35.68,0,0,0
Normal,Y,hours,45,2690,-90.24,35.35,0,1,0
Normal,Y,hours,45,2690,-90.07,35.1,0,1,0
Normal,Y,hours,45,2690,-90.24,35.35,0,0,0
Unsafe following distance,Y,hours,45,2690,-90.04,35.19,1,1,0
Normal,Y,hours,45,2690,-88.42,41.11,1,0,0
Normal,Y,hours,45,2690,-88.07,41.48,1,0,1
Normal,Y,hours,45,2690,-89.63,39.84,0,0,0
Normal,Y,hours,45,2690,-92.09,34.8,0,1,1
Normal,Y,hours,57,2741,-92.09,34.8,1,0,1
Unsafe following distance,Y,hours,57,2741,-89.52,40.7,1,0,0
Normal,Y,hours,57,2741,-89.52,40.7,0,0,0
Normal,Y,hours,57,2741,-91.32,41.71,0,0,0
Normal,Y,hours,57,2741,-89.91,40.86,0,1,0
Normal,Y,hours,57,2741,-91.47,41.74,0,0,1
Normal,Y,hours,57,2741,-91.05,41.72,0,0,0
Normal,Y,hours,57,2741,-91.47,41.74,1,0,0
Normal,Y,hours,57,2741,-91.78,42.23,0,0,0
Normal,Y,hours,57,2741,-90.7,41.62,0,0,1
Normal,Y,hours,57,2741,-91.47,41.74,0,0,0
Normal,Y,hours,57,2741,-91.05,41.72,1,0,0
Normal,Y,hours,57,2741,-90.29,40.96,0,0,0
Normal,Y,hours,57,2741,-91.32,41.71,0,0,0
Normal,Y,hours,57,2741,-91.47,41.74,0,0,0
Normal,Y,hours,57,2741,-91.63,41.72,0,0,0
Normal,Y,hours,57,2741,-91.78,42.23,0,0,0
Normal,Y,hours,57,2741,-91.78,42.23,1,0,1
Normal,Y,hours,57,2741,-91.63,41.72,0,1,0
Normal,Y,hours,57,2741,-91.32,41.71,0,0,1
Normal,Y,hours,57,2741,-90.7,41.62,0,0,1
Normal,Y,hours,57,2741,-90.29,40.96,0,0,0
Normal,Y,hours,57,2741,-89.52,40.7,0,0,1
Normal,Y,hours,57,2741,-91.14,34.96,0,0,0
Normal,Y,hours,57,2741,-90.44,41.54,1,0,0
Normal,Y,hours,57,2741,-90.94,35.03,0,0,0
Normal,Y,hours,57,2741,-90.68,35.12,0,0,0
Normal,Y,hours,57,2741,-90.37,35.21,0,1,0
Normal,Y,hours,57,2741,-90.04,35.19,0,0,0
Normal,Y,hours,57,2741,-90.37,35.21,0,0,0
Normal,Y,hours,57,2741,-90.94,35.03,0,0,0
Normal,Y,hours,57,2741,-91.93,34.81,1,0,0
Normal,Y,hours,57,2741,-92.31,34.78,0,0,0
Normal,Y,hours,57,2741,-90.24,35.35,0,0,0
Normal,Y,hours,57,2741,-90.24,35.35,0,0,0
Normal,Y,hours,57,2741,-90.24,38,0,0,0
Normal,Y,hours,57,2741,-90.15,38.62,0,1,0
Normal,Y,hours,57,2741,-90.37,35.21,0,0,0
Normal,Y,hours,45,2555,-91.63,41.72,0,0,0
Normal,Y,hours,45,2555,-91.05,41.72,0,0,1
Normal,Y,hours,45,2555,-90.7,41.62,0,0,0
Normal,Y,hours,45,2555,-90.44,41.54,0,0,0
Normal,Y,hours,45,2555,-90.29,40.96,0,0,0
Normal,Y,hours,45,2555,-89.91,40.86,0,0,0
Overspeed,Y,hours,45,2555,-89.03,41.92,0,0,0
Overspeed,Y,hours,45,2555,-92.31,34.78,0,1,0
Normal,Y,hours,45,2555,-91.05,41.72,0,0,0
Normal,Y,hours,45,2555,-91.47,41.74,0,0,1
Lane Departure,Y,hours,45,2555,-89.91,40.86,1,0,0
Normal,Y,hours,45,2555,-91.78,42.23,0,0,1
Normal,Y,hours,45,2555,-90.7,41.62,0,0,1
Normal,Y,hours,45,2555,-90.29,40.96,0,0,0
Normal,Y,hours,45,2555,-91.47,41.74,0,0,0
Normal,Y,hours,45,2555,-91.05,41.72,1,0,0
Normal,Y,hours,45,2555,-90.29,40.96,0,1,0
Normal,Y,hours,45,2555,-90.2,38.65,0,0,0
Normal,Y,hours,45,2555,-89.63,39.84,0,0,0
Normal,Y,hours,45,2555,-89.17,40.38,0,1,1
Normal,Y,hours,52,2575,-93.2,38.98,0,0,0
Normal,Y,hours,52,2575,-93.85,39.01,0,1,0
Normal,Y,hours,52,2575,-92.38,38.98,0,0,0
Normal,Y,hours,52,2575,-92.03,38.97,0,0,0
Normal,Y,hours,52,2575,-91.33,38.87,0,0,0
Normal,Y,hours,52,2575,-90.67,38.82,0,1,0
Normal,Y,hours,52,2575,-90.41,38.75,0,0,0
Normal,Y,hours,52,2575,-90.55,38.81,0,0,0
Normal,Y,hours,52,2575,-90.79,38.83,0,0,0
Normal,Y,hours,52,2575,-91.19,38.83,0,0,1
Normal,Y,hours,52,2575,-91.74,38.94,0,0,0
Normal,Y,hours,52,2575,-92.22,38.96,0,0,0
Normal,Y,hours,52,2575,-92.38,38.98,0,0,0
Normal,Y,hours,52,2575,-92.53,38.98,0,0,1
Normal,Y,hours,52,2575,-92.63,38.95,0,1,1
Normal,Y,hours,52,2575,-92.85,38.93,1,0,1
Normal,Y,hours,52,2575,-93.85,39.01,0,0,0
Normal,Y,hours,52,2575,-94.16,39.04,0,0,0
Normal,Y,hours,52,2575,-94.44,39.1,0,0,0
Normal,Y,hours,52,2575,-94.16,39.04,0,0,0
Normal,Y,hours,52,2575,-93.85,39.01,0,0,0
Normal,Y,hours,52,2575,-93.65,39,0,1,0
Normal,Y,hours,52,2575,-93.45,38.99,0,0,1
Normal,Y,hours,52,2575,-93.01,38.97,1,0,0
Normal,Y,hours,52,2575,-93.01,38.97,0,0,0
Normal,Y,hours,52,2575,-92.63,38.95,0,0,0
Normal,Y,hours,52,2575,-92.53,38.98,0,0,0
Normal,Y,hours,52,2575,-92.03,38.97,0,0,0
Normal,Y,hours,52,2575,-91.1,38.83,0,0,0
Normal,Y,hours,52,2575,-90.93,38.82,0,0,0
Normal,Y,hours,52,2575,-90.79,38.83,0,0,0
Normal,Y,hours,52,2575,-90.67,38.82,0,1,0
Normal,Y,hours,52,2575,-90.41,38.75,1,0,0
Normal,Y,hours,52,2575,-90.41,38.75,0,0,0
Unsafe tail distance,Y,hours,52,2575,-90.79,38.83,1,0,0
Unsafe following distance,Y,hours,52,2575,-90.79,38.83,1,0,1
Unsafe tail distance,Y,hours,52,2575,-91.33,38.87,1,1,0
Normal,Y,hours,59,2564,-90.41,38.75,0,0,0
Normal,Y,hours,59,2564,-90.93,38.82,0,0,0
Normal,Y,hours,59,2564,-93.2,38.98,0,1,0
Normal,Y,hours,59,2564,-93.45,38.99,1,0,0
Normal,Y,hours,59,2564,-90.79,38.83,0,0,0
Normal,Y,hours,52,2742,-91.56,38.93,0,0,0
Overspeed,Y,hours,52,2742,-90.79,38.83,0,1,0
Normal,Y,hours,52,2742,-91.19,38.83,0,0,0
Overspeed,Y,hours,52,2742,-90.79,38.83,1,1,0
Normal,Y,hours,52,2742,-92.22,38.96,0,0,0
Normal,Y,hours,52,2742,-91.19,38.83,0,0,0
Normal,Y,hours,52,2742,-90.93,38.82,0,0,0
Normal,Y,hours,52,2742,-90.41,38.75,0,0,0
Normal,Y,hours,52,2742,-91.1,38.83,0,0,0
Normal,Y,hours,52,2742,-92.38,38.98,1,0,0
Normal,Y,hours,52,2742,-92.85,38.93,1,0,0
Normal,Y,hours,52,2742,-93.01,38.97,1,0,0
Normal,Y,hours,52,2742,-93.2,38.98,0,0,1
Normal,Y,hours,52,2742,-93.85,39.01,1,1,0
Normal,Y,hours,59,2622,-89.96,39.74,0,1,0
Normal,Y,hours,59,2622,-90.24,39.72,0,0,0
Normal,Y,hours,59,2622,-92.07,39.71,0,1,0
Unsafe tail distance,Y,hours,59,2622,-94.28,39.53,1,1,0
Overspeed,Y,hours,59,2622,-90.52,39.71,0,1,0
Normal,Y,hours,59,2622,-90.14,39.76,0,0,0
Normal,Y,hours,59,2622,-94.24,39.63,0,0,0
Normal,Y,hours,59,2622,-94.36,39.37,0,0,0
Normal,Y,hours,59,2622,-89.66,39.78,0,0,0
Normal,Y,hours,59,2622,-89.78,39.77,0,0,1
Normal,Y,hours,59,2622,-90.24,39.72,0,0,0
Normal,Y,hours,59,2622,-91.2,39.75,0,0,0
Normal,Y,hours,59,2622,-91.59,39.68,0,1,0
Normal,Y,hours,59,2622,-90.97,39.72,0,0,0
Normal,Y,hours,59,2622,-90.79,39.69,0,0,0
Normal,Y,hours,59,2622,-90.63,39.7,0,0,0
Normal,Y,hours,59,2622,-90.24,39.72,0,1,1
Normal,Y,hours,59,2622,-89.78,39.77,0,0,0
Normal,Y,hours,59,2622,-89.66,39.78,0,0,1
Normal,Y,hours,59,2622,-89.66,39.78,1,1,0
Normal,Y,hours,59,2622,-90.24,39.72,0,0,0
Normal,Y,hours,59,2622,-90.52,39.71,0,0,1
Normal,Y,hours,59,2622,-90.63,39.7,0,0,0
Normal,Y,hours,59,2622,-91.59,39.68,0,0,0
Normal,Y,hours,59,2622,-92.07,39.71,0,0,0
Normal,Y,hours,59,2622,-93.33,39.77,0,0,1
Normal,Y,hours,59,2622,-91.2,39.75,0,0,0
Normal,Y,hours,59,2622,-90.37,39.71,0,0,0
Normal,Y,hours,59,2622,-89.96,39.74,0,0,0
Normal,Y,hours,46,2517,-94.57,39.15,0,0,0
Normal,Y,hours,46,2517,-94.42,39.27,1,0,0
Normal,Y,hours,46,2517,-94.25,39.73,0,0,1
Lane Departure,Y,hours,46,2517,-94.28,39.53,0,0,0
Normal,Y,hours,46,2517,-94.15,39.77,0,0,1
Normal,Y,hours,46,2517,-93.93,39.76,0,0,0
Normal,Y,hours,46,2517,-93.6,39.77,0,0,1
Normal,Y,hours,46,2517,-93.13,39.78,0,0,0
Normal,Y,hours,46,2517,-90.97,39.72,0,0,0
Normal,Y,hours,46,2517,-91.59,39.68,0,0,0
Normal,Y,hours,46,2517,-91.8,39.67,0,1,0
Normal,Y,hours,46,2517,-94.24,39.63,0,0,1
Normal,Y,hours,46,2517,-94.36,39.37,0,1,1
Normal,Y,hours,46,2517,-94.42,39.27,0,0,0
Lane Departure,Y,hours,60,2771,-94.88,35.47,1,1,0
Normal,Y,hours,60,2771,-97.32,37.48,0,0,1
Normal,Y,hours,60,2771,-95.99,36.17,1,0,0
Normal,Y,hours,60,2771,-94.22,35.5,0,0,1
Normal,Y,hours,60,2771,-93.92,35.53,0,0,0
Normal,Y,hours,60,2771,-92.25,34.75,0,0,0
Normal,Y,hours,60,2771,-95.15,35.51,0,0,0
Normal,Y,hours,60,2771,-95.56,35.97,0,0,0
Normal,Y,hours,60,2771,-97.32,37.15,0,0,0
Normal,Y,hours,60,2771,-97.37,36.91,0,0,0
Normal,Y,hours,60,2771,-97.37,36.79,0,0,0
Normal,Y,hours,60,2771,-97.14,36.41,0,0,0
Normal,Y,hours,60,2771,-96.97,36.24,0,0,0
Normal,Y,hours,60,2771,-96.68,36.2,0,1,0
Normal,Y,hours,60,2771,-95.56,35.97,1,0,0
Normal,Y,hours,60,2771,-95.42,35.87,0,0,0
Normal,Y,hours,60,2771,-96.44,36.23,0,0,0
Normal,Y,hours,60,2771,-96.97,36.24,0,0,1
Normal,Y,hours,60,2771,-97.14,36.41,1,0,0
Normal,Y,hours,60,2771,-97.35,36.4,0,0,0
Normal,Y,hours,60,2771,-97.37,36.79,0,0,0
Normal,Y,hours,60,2771,-97.37,36.91,1,1,1
Normal,Y,hours,60,2771,-97.32,37.15,0,0,0
Normal,Y,hours,60,2771,-97.32,37.27,0,0,0
Normal,Y,hours,60,2771,-97.36,37.69,1,0,0
Normal,Y,hours,60,2771,-97.36,37.69,0,0,0
Normal,Y,hours,60,2771,-97.32,37.48,0,1,0
Normal,Y,hours,60,2771,-97.32,37.27,1,0,0
Normal,Y,hours,60,2771,-97.32,37.15,1,0,0
Normal,Y,hours,60,2771,-97.37,36.91,1,1,1
Normal,Y,hours,60,2771,-97.37,36.79,0,0,1
Normal,Y,hours,60,2771,-97.34,36.63,1,0,0
Normal,Y,hours,60,2771,-97.35,36.4,1,0,0
Normal,Y,hours,60,2771,-97.14,36.41,0,0,0
Normal,Y,hours,60,2771,-96.68,36.2,1,0,0
Normal,Y,hours,60,2771,-96.44,36.23,0,0,0
Normal,Y,hours,60,2771,-96.21,36.19,0,0,1
Normal,Y,hours,60,2771,-95.56,35.97,0,1,0
Normal,Y,hours,60,2771,-93.12,35.31,0,0,0
Normal,Y,hours,60,2771,-92.25,34.75,0,0,0
Normal,Y,hours,60,2771,-92.53,35.15,0,0,1
Normal,Y,hours,60,2771,-93.12,35.31,0,0,1
Normal,Y,hours,60,2771,-93.61,35.51,0,0,0
Normal,Y,hours,60,2771,-94.22,35.5,0,0,0
Normal,Y,hours,60,2771,-95.42,35.87,0,0,0
Normal,Y,hours,60,2771,-96.68,36.2,0,0,0
Normal,Y,hours,60,2771,-96.97,36.24,0,0,1
Unsafe tail distance,Y,hours,60,2771,-94.57,35.37,0,1,0
Unsafe tail distance,Y,hours,60,2771,-94.57,35.37,1,1,0
Overspeed,Y,hours,60,2771,-94.88,35.47,1,0,0
Overspeed,Y,hours,60,2771,-94.88,35.47,1,1,0
Normal,Y,hours,52,2572,-97.32,37.48,0,0,1
Normal,Y,hours,52,2572,-97.34,36.63,0,0,0
Normal,Y,hours,55,2532,-92.87,35.25,1,0,0
Normal,Y,hours,55,2532,-95.76,36.08,0,0,1
Overspeed,Y,hours,55,2532,-94.57,35.37,1,1,0
Normal,Y,hours,55,2532,-93.12,35.31,1,0,0
Normal,Y,hours,55,2532,-93.61,35.51,1,0,0
Normal,Y,hours,55,2532,-96.97,36.24,0,0,1
Normal,Y,hours,55,2532,-97.14,36.41,0,0,0
Normal,Y,hours,55,2532,-97.37,36.91,0,0,0
Normal,Y,hours,55,2532,-97.32,37.15,0,0,1
Normal,Y,hours,55,2532,-96.21,36.19,0,1,1
Normal,Y,hours,55,2532,-96.97,36.24,0,0,0
Normal,Y,hours,55,2532,-97.35,36.4,0,0,0
Normal,Y,hours,55,2532,-97.37,36.91,0,0,0
Normal,Y,hours,55,2532,-97.32,37.15,0,0,0
Unsafe following distance,Y,hours,55,2532,-94.57,35.37,1,1,0
Overspeed,Y,hours,55,2532,-94.57,35.37,1,1,0
Normal,Y,hours,55,2532,-93.36,35.4,0,0,0
Normal,Y,hours,55,2708,-88.41,42.11,0,0,0
Normal,Y,hours,55,2708,-89.6,41.76,0,0,1
Normal,Y,hours,55,2708,-90.64,41.56,0,0,0
Normal,Y,hours,55,2708,-91.59,41.7,0,0,0
Normal,Y,hours,55,2708,-92.19,41.74,0,0,1
Normal,Y,hours,55,2708,-92.4,41.78,0,0,0
Normal,Y,hours,55,2708,-93.36,41.69,0,0,0
Normal,Y,hours,55,2708,-93.58,41.62,0,0,0
Normal,Y,hours,55,2708,-87.66,41.89,0,0,0