{"id":143,"url":"http://www.tvmaze.com/shows/143/silicon-valley","name":"Silicon Valley","type":"Scripted","language":"English","genres":["Comedy"],"status":"Running","runtime":30,"premiered":"2014-04-06","schedule":{"time":"22:00","days":["Sunday"]},"rating":{"average":8.5},"weight":3,"network":{"id":8,"name":"HBO","country":{"name":"United States","code":"US","timezone":"America/New_York"}},"webChannel":null,"externals":{"tvrage":33759,"thetvdb":277165,"imdb":"tt2575988"},"image":{"medium":"http://tvmazecdn.com/uploads/images/medium_portrait/53/132726.jpg","original":"http://tvmazecdn.com/uploads/images/original_untouched/53/132726.jpg"},"summary":"<p>In the high-tech gold rush of modern <em>Silicon Valley</em>, the people most qualified to succeed are the least capable of handling success. Mike Judge brings his irreverent brand of humor, and his own experiences working in <em>Silicon Valley</em>, to the award-winning comedy now entering its third season. </p>","updated":1467544754,"_links":{"self":{"href":"http://api.tvmaze.com/shows/143"},"previousepisode":{"href":"http://api.tvmaze.com/episodes/729572"}},"_embedded":{"episodes":[{"id":10897,"url":"http://www.tvmaze.com/episodes/10897/silicon-valley-1x01-minimum-viable-product","name":"Minimum Viable Product","season":1,"number":1,"airdate":"2014-04-06","airtime":"22:00","airstamp":"2014-04-06T22:00:00-04:00","runtime":30,"image":{"medium":"http://tvmazecdn.com/uploads/images/medium_landscape/49/123633.jpg","original":"http://tvmazecdn.com/uploads/images/original_untouched/49/123633.jpg"},"summary":"<p>Attending an elaborate launch party, Richard  and his computer programmer friends - Big Head, Dinesh  and Gilfoyle  - dream of making it big. Instead, they're living in the communal Hacker Hostel owned by former programmer Erlich, who gets to claim ten percent of anything they invent there. When it becomes clear that Richard has developed a powerful compression algorithm for his website, Pied Piper, he finds himself courted by Gavin Belson, his egomaniacal corporate boss, who offers a $10 million buyout by his firm, Hooli. But Richard holds back when well-known investor Peter Gregory  makes a counteroffer.</p>","_links":{"self":{"href":"http://api.tvmaze.com/episodes/10897"}}},{"id":10898,"url":"http://www.tvmaze.com/episodes/10898/silicon-valley-1x02-the-cap-table","name":"The Cap Table","season":1,"number":2,"airdate":"2014-04-13","airtime":"22:00","airstamp":"2014-04-13T22:00:00-04:00","runtime":30,"image":{"medium":"http://tvmazecdn.com/uploads/images/medium_landscape/49/123634.jpg","original":"http://tvmazecdn.com/uploads/images/original_untouched/49/123634.jpg"},"summary":"<p>After a celebratory party at the Hacker Hostel, Richard and Erlich learn that Peter Gregory won't pay up until they deliver a viable business plan that includes a slimmed-downed staff. A desperate Richard hires former Belson underling Jared, and they set about trying to trim the fat. While Gilfoyle and Dinesh prove essential, Big Head's place in the company is less certain.</p>","_links":{"self":{"href":"http://api.tvmaze.com/episodes/10898"}}},{"id":10899,"url":"http://www.tvmaze.com/episodes/10899/silicon-valley-1x03-articles-of-incorporation","name":"Articles of Incorporation","season":1,"number":3,"airdate":"2014-04-20","airtime":"22:00","airstamp":"2014-04-20T22:00:00-04:00","runtime":30,"image":{"medium":"http://tvmazecdn.com/uploads/images/medium_landscape/49/123635.jpg","original":"http://tvmazecdn.com/uploads/images/original_untouched/49/123635.jpg"},"summary":"<p>While Gavin Belson begins to hype Nucleus, a competing compression platform, Richard learns that the name Pied Piper is already registered to a sprinkler company, forcing him to negotiate. Meanwhile, Erlich goes on a vision quest for a new company name, and Peter Gregory proves elusive when one of his companies asks for money.</p>","_links":{"self":{"href":"http://api.tvmaze.com/episodes/10899"}}},{"id":10900,"url":"http://www.tvmaze.com/episodes/10900/silicon-valley-1x04-fiduciary-duties","name":"Fiduciary Duties","season":1,"number":4,"airdate":"2014-04-27","airtime":"22:00","airstamp":"2014-04-27T22:00:00-04:00","runtime":30,"image":{"medium":"http://tvmazecdn.com/uploads/images/medium_landscape/49/123636.jpg","original":"http://tvmazecdn.com/uploads/images/original_untouched/49/123636.jpg"},"summary":"<p>At Peter's toga party, Richard drunkenly promises to make Erlich a board member, which he regrets the next morning. After being unassigned at Hooli, Big Head finds others like him who have made careers out of doing nothing. Richard struggles to put Pied Piper's vision into words for a presentation without Erlich; later, he discovers an interesting connection between Peter and Gavin Belson.</p>","_links":{"self":{"href":"http://api.tvmaze.com/episodes/10900"}}},{"id":10901,"url":"http://www.tvmaze.com/episodes/10901/silicon-valley-1x05-signaling-risk","name":"Signaling Risk","season":1,"number":5,"airdate":"2014-05-04","airtime":"22:00","airstamp":"2014-05-04T22:00:00-04:00","runtime":30,"image":{"medium":"http://tvmazecdn.com/uploads/images/medium_landscape/49/123637.jpg","original":"http://tvmazecdn.com/uploads/images/original_untouched/49/123637.jpg"},"summary":"<p>Erlich  convinces a graffiti artist to create Pied Piper's logo, with controversial results. Jared  tries to make the company more efficient. After Gavin Belson  and Peter Gregory  unexpectedly come face-to-face, Richard  learns that he only has eight weeks to prepare for a live demo at TechCrunch Disrupt.</p>","_links":{"self":{"href":"http://api.tvmaze.com/episodes/10901"}}},{"id":10902,"url":"http://www.tvmaze.com/episodes/10902/silicon-valley-1x06-third-party-insourcing","name":"Third Party Insourcing","season":1,"number":6,"airdate":"2014-05-11","airtime":"22:00","airstamp":"2014-05-11T22:00:00-04:00","runtime":30,"image":{"medium":"http://tvmazecdn.com/uploads/images/medium_landscape/49/123638.jpg","original":"http://tvmazecdn.com/uploads/images/original_untouched/49/123638.jpg"},"summary":"<p>Richard feels threatened when the team hires \"The Carver\", a hacker with a notorious reputation, to help with Pied Piper's cloud. Jared finds himself taken for a ride when he seeks out Peter Gregory's signature. Erlich and Dinesh  compete for the attention of Tara, Gilfoyle's  visiting girlfriend. Later, Dinesh faces a sexual dilemma.</p>","_links":{"self":{"href":"http://api.tvmaze.com/episodes/10902"}}},{"id":10903,"url":"http://www.tvmaze.com/episodes/10903/silicon-valley-1x07-proof-of-concept","name":"Proof of Concept","season":1,"number":7,"airdate":"2014-05-18","airtime":"22:00","airstamp":"2014-05-18T22:00:00-04:00","runtime":30,"image":{"medium":"http://tvmazecdn.com/uploads/images/medium_landscape/49/123639.jpg","original":"http://tvmazecdn.com/uploads/images/original_untouched/49/123639.jpg"},"summary":"<p>At TechCrunch Disrupt, Richard feels the pressure to finish his demo, but finds himself distracted by a girl he dated briefly, who's now spreading rumors about him. Jared worries that Monica  is taking his place in the company. Dinesh develops a crush on a girl at a neighboring booth. Erlich's scandalous past connection to one of the judges threatens Pied Piper's chances.</p>","_links":{"self":{"href":"http://api.tvmaze.com/episodes/10903"}}},{"id":10904,"url":"http://www.tvmaze.com/episodes/10904/silicon-valley-1x08-optimal-tip-to-tip-efficiency","name":"Optimal Tip-to-Tip Efficiency","season":1,"number":8,"airdate":"2014-06-01","airtime":"22:00","airstamp":"2014-06-01T22:00:00-04:00","runtime":30,"image":{"medium":"http://tvmazecdn.com/uploads/images/medium_landscape/49/123640.jpg","original":"http://tvmazecdn.com/uploads/images/original_untouched/49/123640.jpg"},"summary":"<p>Poised to compete at TechCrunch Disrupt, the guys of Pied Piper become worried after an impressive presentation by Gavin Belson. As Jared tries to pivot the company, Richard is inspired to make big changes at the last minute.</p>","_links":{"self":{"href":"http://api.tvmaze.com/episodes/10904"}}},{"id":117409,"url":"http://www.tvmaze.com/episodes/117409/silicon-valley-2x01-sand-hill-shuffle","name":"Sand Hill Shuffle","season":2,"number":1,"airdate":"2015-04-12","airtime":"22:00","airstamp":"2015-04-12T22:00:00-04:00","runtime":30,"image":{"medium":"http://tvmazecdn.com/uploads/images/medium_landscape/49/123616.jpg","original":"http://tvmazecdn.com/uploads/images/original_untouched/49/123616.jpg"},"summary":"<p>Season 2 begins with the Pied Piper guys being wined and dined by every venture capitalist under the sun, while Monica adjusts to a new managing partner at Raviga as the company faces major changes.</p>","_links":{"self":{"href":"http://api.tvmaze.com/episodes/117409"}}},{"id":142992,"url":"http://www.tvmaze.com/episodes/142992/silicon-valley-2x02-runaway-devaluation","name":"Runaway Devaluation","season":2,"number":2,"airdate":"2015-04-19","airtime":"22:00","airstamp":"2015-04-19T22:00:00-04:00","runtime":30,"image":{"medium":"http://tvmazecdn.com/uploads/images/medium_landscape/49/123618.jpg","original":"http://tvmazecdn.com/uploads/images/original_untouched/49/123618.jpg"},"summary":"<p>Pied Piper could go under if Richard and the guys can't find legal and financial help in the wake of Hooli's bombshell. Meanwhile, Dinesh tries to thwart a fund-raising campaign for his cousin's new app; and Monica tries to keep her interest in Pied Piper separate from her job.</p>","_links":{"self":{"href":"http://api.tvmaze.com/episodes/142992"}}},{"id":142993,"url":"http://www.tvmaze.com/episodes/142993/silicon-valley-2x03-bad-money","name":"Bad Money","season":2,"number":3,"airdate":"2015-04-26","airtime":"22:00","airstamp":"2015-04-26T22:00:00-04:00","runtime":30,"image":{"medium":"http://tvmazecdn.com/uploads/images/medium_landscape/49/123619.jpg","original":"http://tvmazecdn.com/uploads/images/original_untouched/49/123619.jpg"},"summary":"<p>Richard mulls a proposal by Gavin, but also considers a pitch from Russ Hanneman about backing Pied Piper. Meanwhile, Monica learns surprising news about Richard's deal with Hooli; and Gilfoyle and Dinesh go to extremes to get what they want.</p>","_links":{"self":{"href":"http://api.tvmaze.com/episodes/142993"}}},{"id":142994,"url":"http://www.tvmaze.com/episodes/142994/silicon-valley-2x04-the-lady","name":"The Lady","season":2,"number":4,"airdate":"2015-05-03","airtime":"22:00","airstamp":"2015-05-03T22:00:00-04:00","runtime":30,"image":{"medium":"http://tvmazecdn.com/uploads/images/medium_landscape/49/123620.jpg","original":"http://tvmazecdn.com/uploads/images/original_untouched/49/123620.jpg"},"summary":"<p>Richard butts heads with Erlich over a prospective hire, while Dinesh and Gilfoyle become suspicious that a new employee they recommended is commanding a higher salary. Big Head gets a surprising promotion at Hooli. At a board meeting, Monica and Richard find themselves outvoted; Jared institutes a workplace harassment policy.</p>","_links":{"self":{"href":"http://api.tvmaze.com/episodes/142994"}}},{"id":153965,"url":"http://www.tvmaze.com/episodes/153965/silicon-valley-2x05-server-space","name":"Server Space","season":2,"number":5,"airdate":"2015-05-10","airtime":"22:00","airstamp":"2015-05-10T22:00:00-04:00","runtime":30,"image":{"medium":"http://tvmazecdn.com/uploads/images/medium_landscape/10/27312.jpg","original":"http://tvmazecdn.com/uploads/images/original_untouched/10/27312.jpg"},"summary":"<p>Gavin creates interference that hinders Pied Piper's expansion. Meanwhile, the guys could be threatened by a nosy neighbor; Guilfoyle sets out to build servers; Richard's reluctant to let Jared move in; and Big Head's leadership skills are suspect.</p>","_links":{"self":{"href":"http://api.tvmaze.com/episodes/153965"}}},{"id":154580,"url":"http://www.tvmaze.com/episodes/154580/silicon-valley-2x06-homicide","name":"Homicide","season":2,"number":6,"airdate":"2015-05-17","airtime":"22:00","airstamp":"2015-05-17T22:00:00-04:00","runtime":30,"image":{"medium":"http://tvmazecdn.com/uploads/images/medium_landscape/49/123622.jpg","original":"http://tvmazecdn.com/uploads/images/original_untouched/49/123622.jpg"},"summary":"<p>Erlich runs into an old protégé who's now an energy drink billionaire when Monica urges the guys to pursue a livestream opportunity, but Richard learns their friendship isn't what Erlich thinks it is. Meanwhile, Jared wants Carla and Monica to be friends.</p>","_links":{"self":{"href":"http://api.tvmaze.com/episodes/154580"}}},{"id":155129,"url":"http://www.tvmaze.com/episodes/155129/silicon-valley-2x07-adult-content","name":"Adult Content","season":2,"number":7,"airdate":"2015-05-24","airtime":"22:00","airstamp":"2015-05-24T22:00:00-04:00","runtime":30,"image":{"medium":"http://tvmazecdn.com/uploads/images/medium_landscape/49/123623.jpg","original":"http://tvmazecdn.com/uploads/images/original_untouched/49/123623.jpg"},"summary":"<p>The team fields job offers and Russ is distracted by financial news, but Richard realizes Pied Piper could fold if it doesn't merge with a hated rival. Meanwhile, Dinesh tries to woo a woman online; and Gavin looks on the bright side of Nucleus' failure.</p>","_links":{"self":{"href":"http://api.tvmaze.com/episodes/155129"}}},{"id":155130,"url":"http://www.tvmaze.com/episodes/155130/silicon-valley-2x08-white-hatblack-hat","name":"White Hat/Black Hat","season":2,"number":8,"airdate":"2015-05-31","airtime":"22:00","airstamp":"2015-05-31T22:00:00-04:00","runtime":30,"image":{"medium":"http://tvmazecdn.com/uploads/images/medium_landscape/49/123624.jpg","original":"http://tvmazecdn.com/uploads/images/original_untouched/49/123624.jpg"},"summary":"<p>Richard gets paranoid about security after he takes pity on a competitor and inadvertently starts a feud. Meanwhile, Jared fibs about Pied Piper's size; and Gavin looks for a scapegoat when he feels pressure from board members.</p>","_links":{"self":{"href":"http://api.tvmaze.com/episodes/155130"}}},{"id":155199,"url":"http://www.tvmaze.com/episodes/155199/silicon-valley-2x09-binding-arbitration","name":"Binding Arbitration","season":2,"number":9,"airdate":"2015-06-07","airtime":"22:00","airstamp":"2015-06-07T22:00:00-04:00","runtime":30,"image":{"medium":"http://tvmazecdn.com/uploads/images/medium_landscape/49/123625.jpg","original":"http://tvmazecdn.com/uploads/images/original_untouched/49/123625.jpg"},"summary":"<p>Erlich wants to testify when Pied Piper and Hooli enter binding arbitration, but Richard worries that his rival's claims could have merit. Meanwhile, Jared, Dinesh and Gilfoyle debate a philosophical theory; and Big Head gets a boost.</p>","_links":{"self":{"href":"http://api.tvmaze.com/episodes/155199"}}},{"id":155200,"url":"http://www.tvmaze.com/episodes/155200/silicon-valley-2x10-two-days-of-the-condor","name":"Two Days of The Condor","season":2,"number":10,"airdate":"2015-06-14","airtime":"22:00","airstamp":"2015-06-14T22:00:00-04:00","runtime":30,"image":{"medium":"http://tvmazecdn.com/uploads/images/medium_landscape/49/123626.jpg","original":"http://tvmazecdn.com/uploads/images/original_untouched/49/123626.jpg"},"summary":"<p>As the guys await the verdict on Pied Piper's fate, an unexpected real-life drama draws a spike in traffic to their livestream and leaves them fighting to hold things together - literally. While Erlich considers his future, Richard scrambles to save Pied Piper's.</p>","_links":{"self":{"href":"http://api.tvmaze.com/episodes/155200"}}},{"id":560883,"url":"http://www.tvmaze.com/episodes/560883/silicon-valley-3x01-founder-friendly","name":"Founder Friendly","season":3,"number":1,"airdate":"2016-04-24","airtime":"22:00","airstamp":"2016-04-24T22:00:00-04:00","runtime":30,"image":{"medium":"http://tvmazecdn.com/uploads/images/medium_landscape/61/154297.jpg","original":"http://tvmazecdn.com/uploads/images/original_untouched/61/154297.jpg"},"summary":"<p>After being unceremoniously fired, an angry Richard faces a tough decision: accept the diminished role of CTO, or leave Pied Piper for good. Erlich takes a shine to Jack Barker, Laurie's new choice of CEO, while Dinesh and Gilfoyle weigh their options in Richard's absence. At Hooli, Gavin tries to improve his image by admitting failure, and Big Head gets wind of major changes.</p>","_links":{"self":{"href":"http://api.tvmaze.com/episodes/560883"}}},{"id":668661,"url":"http://www.tvmaze.com/episodes/668661/silicon-valley-3x02-two-in-the-box","name":"Two in the Box","season":3,"number":2,"airdate":"2016-05-01","airtime":"22:00","airstamp":"2016-05-01T22:00:00-04:00","runtime":30,"image":{"medium":"http://tvmazecdn.com/uploads/images/medium_landscape/55/138938.jpg","original":"http://tvmazecdn.com/uploads/images/original_untouched/55/138938.jpg"},"summary":"<p>The new and improved Pied Piper impresses Dinesh and Gilfoyle, but worries Richard; Jared and Erlich both face housing issues; Gavin suggests a controversial move.</p>","_links":{"self":{"href":"http://api.tvmaze.com/episodes/668661"}}},{"id":668662,"url":"http://www.tvmaze.com/episodes/668662/silicon-valley-3x03-meinertzhagens-haversack","name":"Meinertzhagen's Haversack","season":3,"number":3,"airdate":"2016-05-08","airtime":"22:00","airstamp":"2016-05-08T22:00:00-04:00","runtime":30,"image":{"medium":"http://tvmazecdn.com/uploads/images/medium_landscape/56/142406.jpg","original":"http://tvmazecdn.com/uploads/images/original_untouched/56/142406.jpg"},"summary":"<p>Richard searches for a way around Jack; Gilfoyle opens himself up to recruiters; Dinesh draws unwanted attention from a recent purchase. </p>","_links":{"self":{"href":"http://api.tvmaze.com/episodes/668662"}}},{"id":670680,"url":"http://www.tvmaze.com/episodes/670680/silicon-valley-3x04-maleant-data-systems-solutions","name":"Maleant Data Systems Solutions","season":3,"number":4,"airdate":"2016-05-15","airtime":"22:00","airstamp":"2016-05-15T22:00:00-04:00","runtime":30,"image":{"medium":"http://tvmazecdn.com/uploads/images/medium_landscape/58/145807.jpg","original":"http://tvmazecdn.com/uploads/images/original_untouched/58/145807.jpg"},"summary":"<p>The Pied Piper guys struggle to phone it in; Erlich faces competition; Monica takes a stand; Gavin makes a decision about Nucleus.</p>","_links":{"self":{"href":"http://api.tvmaze.com/episodes/670680"}}},{"id":670682,"url":"http://www.tvmaze.com/episodes/670682/silicon-valley-3x05-the-empty-chair","name":"The Empty Chair","season":3,"number":5,"airdate":"2016-05-22","airtime":"22:00","airstamp":"2016-05-22T22:00:00-04:00","runtime":30,"image":{"medium":"http://tvmazecdn.com/uploads/images/medium_landscape/59/147688.jpg","original":"http://tvmazecdn.com/uploads/images/original_untouched/59/147688.jpg"},"summary":"<p>Richard lets his ego get in the way at an interview; Dinesh, Gilfoyle and Jared misplace hardware; Erlich pitches his plans to Big Head.</p>","_links":{"self":{"href":"http://api.tvmaze.com/episodes/670682"}}},{"id":670681,"url":"http://www.tvmaze.com/episodes/670681/silicon-valley-3x06-bachmanity-insanity","name":"Bachmanity Insanity","season":3,"number":6,"airdate":"2016-05-29","airtime":"22:00","airstamp":"2016-05-29T22:00:00-04:00","runtime":30,"image":{"medium":"http://tvmazecdn.com/uploads/images/medium_landscape/60/150310.jpg","original":"http://tvmazecdn.com/uploads/images/original_untouched/60/150310.jpg"},"summary":"<p>Richard's new relationship is threatened by neuroses; Big Head and Erlich's launch party has snags; Dinesh falls for a foreign coworker. </p>","_links":{"self":{"href":"http://api.tvmaze.com/episodes/670681"}}},{"id":717453,"url":"http://www.tvmaze.com/episodes/717453/silicon-valley-3x07-to-build-a-better-beta","name":"To Build a Better Beta","season":3,"number":7,"airdate":"2016-06-05","airtime":"22:00","airstamp":"2016-06-05T22:00:00-04:00","runtime":30,"image":{"medium":"http://tvmazecdn.com/uploads/images/medium_landscape/61/152985.jpg","original":"http://tvmazecdn.com/uploads/images/original_untouched/61/152985.jpg"},"summary":"<p>When the guys decide to release the beta version of Pied Piper, they receive an unexpected response. With a limited number of beta invites each, Dinesh worries about his lack of friends, while Gilfoyle looks to catch him in a lie. Monica worries about how to deliver criticism. Facing financial woes, Erlich considers a big decision, and Gavin challenges the Nucleus team to do the impossible.</p>","_links":{"self":{"href":"http://api.tvmaze.com/episodes/717453"}}},{"id":729570,"url":"http://www.tvmaze.com/episodes/729570/silicon-valley-3x08-bachmans-earnings-over-ride","name":"Bachman's Earning's Over-ride","season":3,"number":8,"airdate":"2016-06-12","airtime":"22:00","airstamp":"2016-06-12T22:00:00-04:00","runtime":30,"image":{"medium":"http://tvmazecdn.com/uploads/images/medium_landscape/61/154296.jpg","original":"http://tvmazecdn.com/uploads/images/original_untouched/61/154296.jpg"},"summary":"<p>Erlich struggles to come clean to Richard, who is forced to make a choice between their friendship and the company's future. Jared's new Pied Piper apparel makes a splash, and divides Dinesh and Gilfoyle. As Gavin faces major life changes, the guys celebrate a rare victory.</p>","_links":{"self":{"href":"http://api.tvmaze.com/episodes/729570"}}},{"id":729571,"url":"http://www.tvmaze.com/episodes/729571/silicon-valley-3x09-daily-active-users","name":"Daily Active Users","season":3,"number":9,"airdate":"2016-06-19","airtime":"22:00","airstamp":"2016-06-19T22:00:00-04:00","runtime":30,"image":{"medium":"http://tvmazecdn.com/uploads/images/medium_landscape/62/155043.jpg","original":"http://tvmazecdn.com/uploads/images/original_untouched/62/155043.jpg"},"summary":"<p>Upon discovering surprising stats, Richard attempts to bridge the gap between Pied Piper and its users, leading Jared to take drastic measures to hold everything together. Gavin learns secrets about the competition and decides to bring in a new face to reclaim his former glory.</p>","_links":{"self":{"href":"http://api.tvmaze.com/episodes/729571"}}},{"id":729572,"url":"http://www.tvmaze.com/episodes/729572/silicon-valley-3x10-the-uptick","name":"The Uptick","season":3,"number":10,"airdate":"2016-06-26","airtime":"22:00","airstamp":"2016-06-26T22:00:00-04:00","runtime":30,"image":{"medium":"http://tvmazecdn.com/uploads/images/medium_landscape/64/161596.jpg","original":"http://tvmazecdn.com/uploads/images/original_untouched/64/161596.jpg"},"summary":"<p>With Pied Piper's future in question, Erlich's publicity success leaves Richard in a moral quandary, just as Dinesh's video-chat app gathers speed. While Laurie prepares to jump ship, Gavin's comeback at Hooli is threatened by his displays of grandeur.</p>","_links":{"self":{"href":"http://api.tvmaze.com/episodes/729572"}}}]}}
